1,120
1,80
1,60
1,60
1,41
1,70
1,30
1,40
1,40
1,41
1,30
1,31
1,50
1,40
1,30
1,60
1,30
1,30
1,40
1,30
1,30
1,29
1,30
1,30
1,40
1,40
1,30
1,29
1,40
1,40
1,30
1,40
1,30
1,70
1,40
1,40
1,40
1,40
1,30
1,31
1,60
1,40
1,30
1,40
1,31
1,40
1,31
1,30
1,40
1,30
1,31
1,50
1,30
1,40
1,70
1,40
1,30
1,40
1,70
1,40
1,40
1,50
1,40
1,31
1,29
1,30
1,30
1,40
1,30
1,30
1,31
1,40
1,70
1,40
1,30
1,51
1,40
1,40
1,30
1,30
1,30
1,30
1,30
1,30
1,31
1,40
1,30
1,29
1,30
1,40
1,30
1,30
1,30
1,60
1,30
1,40
1,60
1,30
1,31
1,40
50001,107661
50001,100828
50001,97933
50001,96430
50001,96531
50001,117610
50001,102542
50001,99786
50001,101660
50001,99646
50001,98944
50001,99326
50001,99817
50001,99747
50001,114403
50001,101178
50001,99646
50001,99205
50001,99597
50001,100989
50001,99496
50001,99055
50001,116277
50001,103022
50001,110135
50001,101169
50001,100217
50001,99616
50001,99255
50001,98895
50001,98894
50001,112661
50001,118320
50001,99305
50001,96621
50001,96049
50001,97713
50001,96330
50001,99606
50001,113211
50001,100237
50001,97311
50001,123049
50001,119133
50001,120355
50001,120254
50001,118050
50001,135944
50001,119473
50001,115655
50001,118040
50001,115926
50001,116057
50001,117690
50001,135844
50001,116827
50001,134772
50001,116106
50001,121156
50001,120024
50001,119774
50001,126445
50001,103503
50001,99957
50001,104404
50001,102261
50001,101139
50001,101189
50001,99976
50001,99225
50001,115245
50001,100808
50001,99987
50001,101650
50001,100027
50001,99285
50001,99125
50001,99475
50001,117098
50001,101108
50001,100307
50001,101449
50001,100358
50001,99736
50001,100117
50001,99416
50001,101430
50001,114854
50001,100377
50001,100067
50001,101219
50001,100438
50001,99615
50001,100608
50001,99907
50001,117238
50001,101009
50001,102091
50001,99917
50001,101189
100001,158997
100001,159138
100001,170148
100001,159347
100001,155480
100001,155570
100001,156662
100001,155460
100001,174275
100001,160230
100001,159006
100001,158556
100001,159708
100001,161382
100001,171490
100001,161131
100001,158726
100001,159799
100001,160489
100001,177151
100001,178042
100001,238476
100001,223758
100001,250518
100001,234679
100001,239387
100001,242724
100001,269944
100001,246911
100001,246170
100001,233676
100001,266577
100001,244887
100001,242693
100001,263011
100001,243655
100001,247262
100001,246440
100001,263051
100001,236752
100001,244286
100001,265225
100001,247502
100001,243044
100001,246310
100001,480938
100001,236511
100001,219449
100001,192058
100001,164667
100001,161712
100001,161351
100001,161141
100001,165799
100001,189304
100001,162593
100001,161872
100001,156332
100001,155651
100001,182010
100001,160109
100001,156272
100001,156062
100001,156532
100001,155600
100001,176079
100001,162263
100001,159838
100001,159347
100001,159388
100001,158866
100001,155881
100001,158085
100001,156683
100001,156012
100001,168194
100001,170419
100001,160881
100001,160299
100001,158376
100001,158666
100001,159257
100001,173654
100001,159568
100001,159829
100001,164016
100001,159608
100001,177631
100001,161331
100001,158717
100001,160039
100001,159708
100001,158846
100001,172843
100001,163756
100001,158847
100001,160330
100001,158647
100001,158696
100001,165299
150001,234648
150001,222746
150001,219410
150001,230370
150001,222486
150001,218518
150001,219960
150001,233746
150001,220411
150001,218628
150001,221143
150001,230460
150001,221253
150001,219309
150001,220502
150001,218729
150001,212968
150001,219320
150001,219310
150001,220381
150001,233386
150001,220140
150001,219370
150001,219941
150001,238426
150001,220582
150001,218858
150001,219189
150001,231422
150001,221122
150001,218988
150001,219049
150001,231432
150001,221493
150001,218709
150001,218749
150001,220321
150001,209241
150001,221153
150001,219069
150001,219159
150001,235029
150001,219330
150001,219190
150001,218668
150001,237644
150001,219980
150001,219189
150001,219299
150001,232685
150001,221153
150001,218828
150001,218158
150001,228808
150001,225822
150001,218478
150001,219881
150001,230170
150001,223346
150001,221624
150001,218928
150001,218448
150001,232504
150001,216585
150001,215903
150001,214952
150001,237513
150001,222104
150001,217837
150001,218087
150001,236471
150001,221584
150001,218257
150001,223247
150001,229429
150001,218778
150001,218959
150001,218127
150001,229439
150001,220321
150001,219450
150001,218618
150001,218027
150001,231482
150001,218208
150001,219069
150001,218768
150001,234287
150001,217396
150001,234949
150001,218788
150001,232815
150001,216785
150001,216765
150001,351046
150001,398514
150001,332851
150001,362076
150001,354552
150001,360844
200001,526253
200001,479565
200001,451954
200001,448127
200001,467503
200001,458025
200001,477642
200001,445291
200001,485537
200001,467783
200001,478153
200001,467864
200001,481789
200001,468254
200001,481298
200001,460119
200001,501616
200001,456162
200001,474005
200001,466561
200001,480978
200001,466541
200001,491508
200001,469577
200001,499662
200001,465389
200001,476549
200001,463646
200001,467853
200001,449609
200001,460660
200001,2099339
200001,495635
200001,479505
200001,528106
200001,476169
200001,488492
200001,476289
200001,506336
200001,447255
200001,485386
200001,465429
200001,497669
200001,441805
200001,488071
200001,463465
200001,492880
200001,447125
200001,488342
200001,469407
200001,481949
200001,473714
200001,468574
200001,472833
200001,477672
200001,476289
200001,464898
200001,477421
200001,476610
200001,474837
200001,463716
200001,475939
200001,484184
200001,448358
200001,489774
200001,460600
200001,492359
200001,448848
200001,492529
200001,469547
200001,464567
200001,476930
200001,473814
200001,471190
200001,477982
200001,435703
200001,456262
200001,451864
200001,508750
200001,445101
200001,490054
200001,455190
200001,456893
200001,425103
200001,507567
200001,570337
200001,587828
200001,461923
200001,693615
200001,589171
200001,498971
200001,450992
200001,704154
200001,478022
200001,471180
200001,453257
200001,597285
200001,513679
200001,523277
200001,925979
250001,608195
250001,658679
250001,636628
250001,656336
250001,607795
250001,636628
250001,687584
250001,627662
250001,609948
250001,610700
250001,626680
250001,620849
250001,609418
250001,624326
250001,622112
250001,669661
250001,591314
250001,608867
250001,626499
250001,568952
250001,595431
250001,603536
250001,574383
250001,587267
250001,604208
250001,605791
250001,556920
250001,565786
250001,579171
250001,596473
250001,548764
250001,568331
250001,545448
250001,601052
250001,603106
250001,610901
250001,547372
250001,564954
250001,577468
250001,590763
250001,611832
250001,587647
250001,547372
250001,602735
250001,606142
250001,586926
250001,615669
250001,579401
250001,547192
250001,608135
250001,611532
250001,597806
250001,583299
250001,614166
250001,562681
250001,618455
250001,600211
250001,589972
250001,588108
250001,596985
250001,572830
250001,641087
250001,590542
250001,582718
250001,617573
250001,562200
250001,602886
250001,604659
250001,611581
250001,583239
250001,566157
250001,596113
250001,683987
250001,812276
250001,612363
250001,584641
250001,579612
250001,619627
250001,555988
250001,612333
250001,569123
250001,615769
250001,593738
250001,585073
250001,612193
250001,611312
250001,559405
250001,614528
250001,577418
250001,591234
250001,585604
250001,611392
250001,576326
250001,615520
250001,557461
250001,600171
250001,590191
250001,759227
250001,553403
250001,598768
300001,738208
300001,398364
300001,408042
300001,385940
300001,382955
300001,402281
300001,391401
300001,406279
300001,393414
300001,399646
300001,384517
300001,399175
300001,410136
300001,398033
300001,408693
300001,397632
300001,396560
300001,409425
300001,396741
300001,408874
300001,397232
300001,409775
300001,397422
300001,395609
300001,410777
300001,397021
300001,409274
300001,395769
300001,391381
300001,398624
300001,396210
300001,407461
300001,396150
300001,408412
300001,398193
300001,395168
300001,412590
300001,395848
300001,416067
300001,397473
300001,406168
300001,397792
300001,395469
300001,406028
300001,397983
300001,406850
300001,397282
300001,395729
300001,409465
300001,396470
300001,413282
300001,398654
300001,418772
300001,412009
300001,397873
300001,408292
300001,397583
300001,408522
300001,396230
300001,407380
300001,396700
300001,396320
300001,628493
300001,716969
300001,703173
300001,721137
300001,696881
300001,717890
300001,699145
300001,719754
300001,716788
300001,720986
300001,705066
300001,715195
300001,876757
300001,1017881
300001,796928
300001,720676
300001,701700
300001,715466
300001,688175
300001,660473
300001,695048
300001,732317
300001,1019804
300001,744430
300001,708553
300001,698564
300001,696320
300001,724322
300001,741995
300001,699706
300001,841141
300001,715726
300001,714955
300001,700297
300001,701610
300001,826613
300001,718862
300001,568462
350001,464607
350001,459859
350001,455160
350001,486960
350001,472602
350001,502077
350001,470458
350001,459728
350001,473003
350001,454909
350001,564895
350001,578740
350001,461571
350001,476529
350001,463405
350001,470879
350001,461161
350001,474435
350001,460339
350001,459598
350001,472092
350001,459969
350001,472973
350001,460480
350001,471800
350001,460981
350001,475327
350001,461631
350001,469296
350001,459338
350001,470479
350001,459949
350001,470699
350001,460220
350001,471470
350001,459077
350001,471249
350001,459187
350001,473324
350001,460630
350001,471420
350001,460710
350001,469446
350001,460479
350001,471470
350001,460439
350001,458286
350001,469657
350001,459277
350001,476770
350001,459668
350001,496797
350001,460050
350001,473855
350001,460369
350001,475799
350001,461070
350001,469627
350001,461351
350001,472232
350001,457705
350001,465839
350001,454889
350001,467472
350001,456292
350001,465088
350001,452825
350001,482020
350001,455941
350001,465910
350001,453838
350001,465549
350001,454338
350001,465369
350001,453477
350001,453807
350001,467203
350001,453597
350001,466631
350001,454529
350001,473324
350001,453587
350001,464768
350001,454168
350001,465469
350001,454359
350001,466972
350001,453647
350001,479385
350001,453286
350001,493501
350001,457234
350001,465319
350001,454699
350001,465018
350001,455380
350001,464296
350001,603437
350001,538576
350001,825942
400001,921501
400001,941016
400001,928203
400001,963258
400001,593108
400001,926520
400001,969470
400001,977635
400001,612593
400001,520883
400001,529558
400001,517406
400001,531252
400001,515893
400001,526503
400001,515713
400001,529669
400001,534739
400001,515282
400001,532254
400001,516094
400001,527104
400001,517135
400001,527495
400001,515342
400001,536532
400001,517075
400001,527676
400001,511004
400001,514912
400001,535620
400001,516214
400001,525992
400001,516274
400001,525902
400001,515973
400001,526774
400001,516064
400001,524349
400001,515763
400001,527384
400001,535390
400001,514771
400001,525992
400001,514701
400001,526433
400001,514871
400001,525812
400001,514501
400001,547442
400001,514771
400001,525532
400001,528848
400001,544867
400001,536813
400001,515382
400001,527735
400001,516585
400001,527906
400001,515112
400001,527044
400001,515462
400001,526493
400001,515372
400001,532775
400001,538826
400001,514912
400001,533586
400001,516133
400001,526864
400001,514901
400001,530080
400001,518468
400001,525982
400001,514952
400001,556548
400001,518378
400001,509050
400001,526964
400001,515131
400001,526343
400001,515462
400001,526203
400001,514520
400001,528126
400001,516374
400001,535309
400001,518278
400001,530401
400001,537945
400001,516344
400001,526012
400001,528617
400001,526564
400001,515002
400001,527235
400001,514630
400001,526332
400001,516053
400001,526002
450001,584892
450001,574402
450001,583810
450001,574432
450001,588108
450001,574283
450001,562380
450001,584882
450001,574722
450001,584201
450001,642529
450001,599039
450001,586465
450001,575113
450001,584121
450001,586484
450001,575375
450001,586014
450001,574583
450001,583219
450001,585793
450001,574102
450001,759017
450001,1109161
450001,1121734
450001,1186315
450001,1147122
450001,1087030
450001,1024793
450001,1035703
450001,1102348
450001,896484
450001,605981
450001,596433
450001,593007
450001,572660
450001,600542
450001,603838
450001,573210
450001,591314
450001,574984
450001,582969
450001,596112
450001,571578
450001,589982
450001,576716
450001,589140
450001,722739
450001,579331
450001,584812
450001,588309
450001,576867
450001,586926
450001,574502
450001,585373
450001,587628
450001,574873
450001,586675
450001,573080
450001,593167
450001,586174
450001,576206
450001,589340
450001,575073
450001,588759
450001,587456
450001,575996
450001,585804
450001,583299
450001,585363
450001,585944
450001,576616
450001,585132
450001,575815
450001,584552
450001,587477
450001,577879
450001,585163
450001,576927
450001,586285
450001,586695
450001,574733
450001,585774
450001,575484
450001,583369
450001,586706
450001,574773
450001,585703
450001,574583
450001,584631
450001,588488
450001,575405
450001,586605
450001,693956
450001,1055680
450001,1062013
450001,1068054
450001,1073545
450001,1070178
450001,1010566
500001,666695
500001,1029091
500001,1186916
500001,898998
500001,656877
500001,635356
500001,644804
500001,645786
500001,632451
500001,644894
500001,644824
500001,630296
500001,648470
500001,645535
500001,632261
500001,644113
500001,632691
500001,644443
500001,652277
500001,632350
500001,650004
500001,653640
500001,635206
500001,646868
500001,651576
500001,633233
500001,663038
500001,650755
500001,633783
500001,646637
500001,650444
500001,632301
500001,655915
500001,644714
500001,633824
500001,643371
500001,645185
500001,632772
500001,641618
500001,644403
500001,633252
500001,641758
500001,645095
500001,633041
500001,644123
500001,645505
500001,633713
500001,645815
500001,652498
500001,634705
500001,646297
500001,645596
500001,630688
500001,649052
500001,644263
500001,634875
500001,647218
500001,652107
500001,632331
500001,643722
500001,643071
500001,632691
500001,642419
500001,632912
500001,621229
500001,645835
500001,632872
500001,645876
500001,650193
500001,632942
500001,644414
500001,657808
500001,646548
500001,661084
500001,655203
500001,634805
500001,646306
500001,652769
500001,635295
500001,645605
500001,654562
500001,632551
500001,646337
500001,652538
500001,632421
500001,645185
500001,644443
500001,633192
500001,643612
500001,643361
500001,633303
500001,644674
500001,652688
500001,632081
500001,642479
500001,645295
500001,632641
500001,641447
500001,644433
500001,632651
550001,699686
550001,702822
550001,691731
550001,703604
550001,710576
550001,702852
550001,690429
550001,719633
550001,716668
550001,753957
550001,697081
550001,702812
550001,703323
550001,691190
550001,704636
550001,711799
550001,703643
550001,691972
550001,701610
550001,761813
550001,712701
550001,692814
550001,702582
550001,735754
550001,696371
550001,705818
550001,711188
550001,703473
550001,692092
550001,699917
550001,702291
550001,691882
550001,704265
550001,710847
550001,703854
550001,692182
550001,704395
550001,705697
550001,704295
550001,691311
550001,702191
550001,703133
550001,690670
550001,742337
550001,706880
550001,703273
550001,691621
550001,705558
550001,702281
550001,692302
550001,704656
550001,713132
550001,702001
550001,691892
550001,702993
550001,707741
550001,691421
550001,698655
550001,700518
550001,701279
550001,691451
550001,700317
550001,702863
550001,693665
550001,679989
550001,704405
550001,702662
550001,691862
550001,701279
550001,702712
550001,702973
550001,709305
550001,704395
550001,702943
550001,691040
550001,701639
550001,732307
550001,709825
550001,692412
550001,703773
550001,704485
550001,691041
550001,728871
550001,712801
550001,702522
550001,692683
550001,701730
550001,701740
550001,703393
550001,692032
550001,700377
550001,702752
550001,692052
550001,702341
550001,769867
550001,706279
550001,740542
550001,703674
550001,705878
550001,705577
600001,751243
600001,760830
600001,762052
600001,1417826
600001,1417376
600001,978858
600001,761592
600001,759658
600001,771711
600001,780878
600001,787039
600001,816815
600001,760109
600001,769056
600001,775217
600001,775268
600001,771180
600001,755661
600001,767012
600001,919527
600001,1068705
600001,1435711
600001,1121915
600001,784024
600001,765088
600001,770689
600001,775878
600001,771039
600001,773414
600001,757214
600001,772663
600001,768785
600001,766351
600001,767363
600001,760139
600001,768264
600001,766360
600001,766440
600001,755460
600001,769306
600001,776690
600001,766701
600001,766681
600001,756413
600001,765018
600001,766381
600001,766722
600001,755340
600001,743578
600001,769417
600001,766841
600001,769156
600001,754689
600001,768245
600001,770658
600001,767403
600001,765780
600001,755560
600001,788331
600001,768445
600001,765530
600001,755190
600001,768655
600001,773694
600001,765449
600001,770879
600001,755631
600001,764737
600001,765560
600001,766020
600001,1226921
600001,1521320
600001,1529115
600001,1544654
600001,1393071
600001,1297733
600001,1306970
600001,1425511
600001,1451800
600001,1427816
600001,1425822
600001,1459955
600001,1669426
600001,1899324
600001,1485794
600001,5292029
600001,4863500
600001,3472484
600001,1476867
600001,3237223
600001,1785754
600001,1486045
600001,1459805
600001,1423718
600001,1358947
600001,1436452
600001,1521230
600001,1483600
600001,1475795
600001,3840170
650001,3958651
650001,2992908
650001,1559932
650001,1351603
650001,840970
650001,835360
650001,841832
650001,836271
650001,848825
650001,810293
650001,835810
650001,830200
650001,834869
650001,832735
650001,832995
650001,814360
650001,826142
650001,832805
650001,825451
650001,825731
650001,825681
650001,825171
650001,818738
650001,822906
650001,826824
650001,827756
650001,825902
650001,824850
650001,817025
650001,833516
650001,832114
650001,825732
650001,825270
650001,826463
650001,813820
650001,803329
650001,824649
650001,824379
650001,825882
650001,825081
650001,824870
650001,813138
650001,823116
650001,823357
650001,828707
650001,829338
650001,865155
650001,814971
650001,825201
650001,831443
650001,827534
650001,825552
650001,824379
650001,823988
650001,813930
650001,823598
650001,824559
650001,827054
650001,839578
650001,825251
650001,817346
650001,844386
650001,848243
650001,847993
650001,839888
650001,827545
650001,827205
650001,816484
650001,828437
650001,828406
650001,828267
650001,826252
650001,826653
650001,815011
650001,826563
650001,833296
650001,826733
650001,826714
650001,827335
650001,825972
650001,813348
650001,860506
650001,829699
650001,826874
650001,827225
650001,826073
650001,815392
650001,827655
650001,833807
650001,826774
650001,837885
650001,827285
650001,826243
650001,818368
650001,824440
650001,820742
650001,820632
650001,824910
650001,821324
650001,809502
700001,915980
700001,893228
700001,880985
700001,880223
700001,882278
700001,879382
700001,880674
700001,880063
700001,881466
700001,868842
700001,881947
700001,887517
700001,880374
700001,880053
700001,879472
700001,882137
700001,879461
700001,911522
700001,880985
700001,868632
700001,897055
700001,886926
700001,881185
700001,880193
700001,880675
700001,879993
700001,890433
700001,879862
700001,878941
700001,870315
700001,880384
700001,887127
700001,879391
700001,879993
700001,880293
700001,878750
700001,879643
700001,881957
700001,879842
700001,872579
700001,882418
700001,885994
700001,878089
700001,879922
700001,878841
700001,878580
700001,879291
700001,879462
700001,879683
700001,869032
700001,880123
700001,886686
700001,879632
700001,879582
700001,879582
700001,879933
700001,878219
700001,879823
700001,1591972
700001,1212563
700001,1665930
700001,1666892
700001,1106065
700001,881987
700001,883910
700001,881316
700001,889210
700001,870094
700001,859714
700001,880714
700001,885683
700001,880274
700001,880423
700001,880494
700001,880964
700001,879361
700001,893448
700001,869083
700001,876847
700001,881666
700001,879832
700001,881596
700001,878851
700001,879662
700001,884371
700001,895582
700001,880403
700001,869263
700001,880383
700001,888208
700001,889511
700001,960954
700001,884331
700001,881356
700001,878941
700001,898207
700001,880794
700001,879452
700001,868982
700001,879793
750001,943211
750001,946387
750001,947349
750001,938672
750001,938112
750001,938012
750001,943141
750001,936970
750001,938492
750001,938382
750001,939935
750001,942680
750001,938412
750001,937561
750001,939474
750001,960864
750001,939163
750001,938402
750001,937640
750001,938943
750001,927601
750001,916370
750001,942860
750001,968247
750001,984779
750001,938341
750001,940246
750001,938953
750001,942620
750001,948731
750001,948090
750001,938272
750001,941197
750001,941828
750001,940276
750001,939013
750001,946857
750001,938742
750001,938633
750001,940897
750001,942129
750001,937601
750001,940366
750001,938132
750001,944373
750001,937761
750001,929094
750001,926790
750001,940115
750001,942910
750001,937621
750001,940787
750001,937861
750001,941407
750001,938773
750001,938442
750001,940216
750001,938793
750001,937170
750001,937711
750001,937971
750001,1752272
750001,959651
750001,955855
750001,972125
750001,965483
750001,940385
750001,963729
750001,942760
750001,927932
750001,941527
750001,942159
750001,946847
750001,1337387
750001,1624232
750001,1046404
750001,1783831
750001,1133006
750001,951637
750001,946527
750001,940066
750001,955864
750001,939585
750001,954172
750001,944152
750001,939574
750001,938232
750001,939695
750001,938693
750001,939093
750001,938242
750001,966123
750001,940656
750001,939605
750001,938502
750001,940346
750001,938973
750001,945034
750001,939183
750001,969540
800001,1001930
800001,998114
800001,997112
800001,998524
800001,997533
800001,999085
800001,996090
800001,996511
800001,1037907
800001,1001420
800001,998024
800001,1001038
800001,1009565
800001,1000248
800001,998464
800001,1000338
800001,996761
800001,996941
800001,997212
800001,997993
800001,1011117
800001,1039251
800001,998735
800001,1017139
800001,997562
800001,997923
800001,1012530
800001,999466
800001,997883
800001,996862
800001,997082
800001,999235
800001,996420
800001,996992
800001,1082571
800001,1856566
800001,2035089
800001,1974626
800001,3404525
800001,2142159
800001,3443498
800001,2279466
800001,2449273
800001,2368091
800001,2749843
800001,2478958
800001,4680318
800001,2464632
800001,2553858
800001,2843189
800001,3895532
800001,2287300
800001,2077590
800001,1056753
800001,1021256
800001,1018221
800001,1015917
800001,1004485
800001,1004345
800001,1013442
800001,1007942
800001,1003473
800001,1002552
800001,1001329
800001,1001240
800001,1004445
800001,1001660
800001,1003744
800001,1002100
800001,1007512
800001,1011488
800001,1003443
800001,1002071
800001,1003944
800001,1003323
800001,1004906
800001,1002532
800001,1019062
800001,1001560
800001,1000849
800001,1149756
800001,1047526
800001,1985968
800001,2271711
800001,1884288
800001,1895660
800001,1893976
800001,1910386
800001,1850435
800001,1012480
800001,1004846
800001,1002792
800001,1000558
800001,999987
800001,1004506
800001,1006799
800001,1022739
800001,1004265
800001,1009344
800001,1012500
850001,1062844
850001,1062854
850001,1082050
850001,1063596
850001,1061882
850001,1061702
850001,1060891
850001,1064557
850001,1062473
850001,1060570
850001,1083883
850001,1061461
850001,1065459
850001,1062284
850001,1061822
850001,1060921
850001,1065809
850001,1061692
850001,1061011
850001,1088903
850001,1063906
850001,1063396
850001,1106286
850001,1217984
850001,1071320
850001,1065429
850001,1062123
850001,1062032
850001,1061241
850001,1056913
850001,1055951
850001,1055591
850001,1202315
850001,1076059
850001,1060450
850001,1059258
850001,1075588
850001,1060250
850001,1057865
850001,1056682
850001,1087690
850001,1057064
850001,1080768
850001,1065259
850001,1059147
850001,1062734
850001,1056433
850001,1060630
850001,1057003
850001,1056192
850001,1056512
850001,1058537
850001,1056162
850001,1061462
850001,1055100
850001,1077161
850001,1055781
850001,1059979
850001,1089725
850001,1107869
850001,1063626
850001,1060921
850001,1060861
850001,1058616
850001,1057744
850001,1056553
850001,1062854
850001,1057394
850001,1058095
850001,1058336
850001,1057474
850001,1060430
850001,1058346
850001,1058906
850001,1056973
850001,1057003
850001,1065198
850001,1057474
850001,1057515
850001,1078033
850001,1056933
850001,1063856
850001,1057814
850001,1057404
850001,1056823
850001,1056643
850001,1056332
850001,1058336
850001,1065970
850001,1059207
850001,1061311
850001,1057825
850001,1082340
850001,1058206
850001,1059178
850001,1078522
850001,1055701
850001,1066000
850001,1053987
850001,1047796
900001,1103339
900001,1100955
900001,1119920
900001,1125522
900001,1120291
900001,1122085
900001,1114450
900001,1114029
900001,1117186
900001,1108750
900001,1113799
900001,1114832
900001,1156038
900001,1138675
900001,1659058
900001,1935754
900001,2105280
900001,2129405
900001,2230123
900001,1969547
900001,2017977
900001,1323651
900001,1121462
900001,1114982
900001,1123417
900001,1160327
900001,1118608
900001,1116013
900001,1118559
900001,1114841
900001,1104211
900001,1116915
900001,1115793
900001,1116936
900001,1117757
900001,1116714
900001,1117707
900001,1144276
900001,1117135
900001,1116955
900001,1116875
900001,1116545
900001,1143475
900001,1118157
900001,1145368
900001,1121223
900001,1121253
900001,1118868
900001,1121885
900001,1118358
900001,1116394
900001,1137694
900001,1116895
900001,1117176
900001,1123397
900001,1116224
900001,1115823
900001,1116735
900001,1182057
900001,1130130
900001,1120181
900001,1267937
900001,1135400
900001,1123347
900001,1117867
900001,1117457
900001,1117536
900001,1117106
900001,1116955
900001,1118979
900001,1117456
900001,1138876
900001,1119651
900001,1117356
900001,1116785
900001,1117296
900001,1116625
900001,1116174
900001,1137734
900001,1117237
900001,1122896
900001,1119109
900001,1118498
900001,1117496
900001,1116043
900001,1136602
900001,1116895
900001,1117486
900001,1117346
900001,1119119
900001,1116965
900001,1147692
900001,1137894
900001,1117166
900001,1116955
900001,1116855
900001,1116524
900001,1116244
900001,1118679
900001,1124891
950001,1175936
950001,1176766
950001,1179913
950001,1179652
950001,1184411
950001,1176366
950001,1178821
950001,1175945
950001,1175715
950001,1175565
950001,1163643
950001,1175114
950001,1194470
950001,1176707
950001,1174503
950001,1169853
950001,1177318
950001,1182447
950001,1202975
950001,1186335
950001,1177519
950001,1175525
950001,1176507
950001,1179041
950001,1175384
950001,1165937
950001,1176035
950001,1175995
950001,1175264
950001,1236910
950001,1181997
950001,1178370
950001,1175425
950001,1175604
950001,1648117
950001,1367693
950001,1186055
950001,1177188
950001,1176035
950001,1179092
950001,1175555
950001,1184040
950001,1177268
950001,1175485
950001,1174773
950001,1175204
950001,1186124
950001,1176666
950001,1175144
950001,1175094
950001,1174894
950001,1182949
950001,1178050
950001,1176516
950001,1185824
950001,1180604
950001,1187296
950001,1174974
950001,1174904
950001,1177167
950001,1175234
950001,1174964
950001,1176236
950001,1176025
950001,1176677
950001,1669717
950001,2529032
950001,2622607
950001,2446909
950001,2784388
950001,2643155
950001,2466184
950001,2779800
950001,2328998
950001,2529012
950001,2361309
950001,2437180
950001,2610243
950001,2323918
950001,1770996
950001,1189541
950001,1190553
950001,1208786
950001,1178320
950001,1187546
950001,1181526
950001,1234865
950001,1194982
950001,1184601
950001,1175985
950001,1180234
950001,1175214
950001,1269991
950001,1207085
950001,1181797
950001,1175705
950001,1208666
950001,1845966
950001,1687691
950001,1170716
1000001,1265382
1000001,1243351
1000001,1240827
1000001,1250735
1000001,1241618
1000001,1243351
1000001,1259962
1000001,1248671
1000001,1239434
1000001,1240737
1000001,1239935
1000001,1246818
1000001,1273948
1000001,1276704
1000001,1251366
1000001,1240356
1000001,1239104
1000001,1244714
1000001,1260103
1000001,1238222
1000001,1255895
1000001,1243421
1000001,1319864
1000001,1244924
1000001,1240646
1000001,1242580
1000001,1226520
1000001,1238603
1000001,1238442
1000001,1249182
1000001,1238582
1000001,1237530
1000001,1238422
1000001,1329051
1000001,1254843
1000001,1249864
1000001,1240475
1000001,1261525
1000001,1234665
1000001,1234274
1000001,1233803
1000001,1234134
1000001,1233843
1000001,1234244
1000001,1255064
1000001,1236057
1000001,1234395
1000001,1233803
1000001,1247869
1000001,1256355
1000001,1234986
1000001,1257838
1000001,1246778
1000001,1236940
1000001,1242370
1000001,1255644
1000001,1269962
1000001,1235837
1000001,1233893
1000001,1234084
1000001,1253019
1000001,1300568
1000001,1237600
1000001,1315045
1000001,1238332
1000001,1236349
1000001,2177615
1000001,1966592
1000001,1255494
1000001,1235677
1000001,1239193
1000001,1239203
1000001,1253289
1000001,1291291
1000001,1238282
1000001,1246317
1000001,1236758
1000001,1258349
1000001,1234175
1000001,1244633
1000001,1403330
1000001,2437479
1000001,1422066
1000001,1283165
1000001,1248571
1000001,1238281
1000001,1244033
1000001,1236990
1000001,1248952
1000001,1246447
1000001,1236689
1000001,1237420
1000001,1248251
1000001,1236429
1000001,1235467
1000001,1241367
1000001,1245274
1000001,1238352
1000001,1239474
1000001,1235627
